{
    "FeI": {
        "6301.5": {
            "lambda0": 6301.4995,
            "Y_rad": 120226443.46174131,
            "Y_vdw": 2.8840315031266057e-08,
            "jl": 2,
            "ju": 2,
            "Landel": 1.84,
            "Landeu": 1.5,
            "Landee": 1.669,
            "f": 0.0383,
            "M": 55.847,
            "log_gf": -0.509,
            "idx": 26,
            "WN_l": 29469.024,
            "WN_u": 45333.875,
            "chi1": 7.9024681,
            "chi2": 16.19921,
            "chi3": 30.651,
            "polyQ": [
                -1156.09527,
                746.597652,
                -192.865672,
                24.965841,
                -1.61934455,
                0.0421182087
            ],
            "polyQ1": [
                271.692895,
                -152.69744,
                33.6119665,
                -3.56415427,
                0.180193259,
                -0.00338654879
            ],
            "polyQ2": [
                542.788652,
                -326.170152,
                77.7054463,
                -9.12244699,
                0.527184053,
                -0.0119689432
            ]
        },
        "6302.5": {
            "lambda0": 6302.4931,
            "Y_rad": 120226443.46174131,
            "Y_vdw": 2.8840315031266057e-08,
            "jl": 1,
            "ju": 0,
            "Landel": 2.49,
            "Landeu": 0,
            "Landee": 2.487,
            "f": null,
            "M": 55.847,
            "log_gf": -0.968,
            "idx": 26,
            "WN_l": 29732.736,
            "WN_u": 45595.086,
            "chi1": 7.9024681,
            "chi2": 16.19921,
            "chi3": 30.651,
            "polyQ": [
                -1156.09527,
                746.597652,
                -192.865672,
                24.965841,
                -1.61934455,
                0.0421182087
            ],
            "polyQ1": [
                271.692895,
                -152.69744,
                33.6119665,
                -3.56415427,
                0.180193259,
                -0.00338654879
            ],
            "polyQ2": [
                542.788652,
                -326.170152,
                77.7054463,
                -9.12244699,
                0.527184053,
                -0.0119689432
            ]
        }
    }
}